scope,rho_scale,rho_over_Ltrain,layer,query,g0,pa_rms,training_imprint_rms,wavelet_bias_rms,row_centered_wavelet_bias_rms,centered_over_raw_bias_rms,wavelet_over_pa_rms,wavelet_over_training_imprint_rms,corr_wavelet_pa,corr_g0_full_context_bias_rms,mean_abs_full_context_bias_rms_minus_g0
layer_causal_all,128.0,0.25,0,all,0.5383412837982178,4.464482846833207,1.3807133635599091,0.7948478218080495,0.7514503464548469,0.9454015294971988,0.1780380503358545,0.5756790966074843,-0.010569278775759828,0.9999999094899316,8.966002496890724e-06
query_row_causal,128.0,0.25,0,255,0.4157947301864624,4.004311409370313,1.5616088584314918,1.0771109768097809,0.6962112489763292,0.6463690965608654,0.2689878150558622,0.6897444075026896,-0.3349740693162082,,
query_row_causal,128.0,0.25,0,511,0.24387001991271973,4.716774079002934,1.362238349293803,0.48772919543249715,0.4826034729761609,0.9894906384437557,0.10340312833800107,0.3580351380397861,-0.05510423811493213,,
query_row_causal,128.0,0.25,0,1023,0.7485794425010681,3.2130744255028745,1.4378223683175588,1.058643653206457,1.0424247100224358,0.9846795065224293,0.32947996622915754,0.736282642789324,-0.011229932185252724,,
query_row_causal,128.0,0.25,0,2047,0.6321879625320435,5.818800390247689,1.331245103021267,0.6321831136721823,0.6288626098667459,0.9947475601077852,0.10864492185222943,0.4748810810552014,-0.010037334598657535,,
layer_causal_all,128.0,0.25,2,all,0.7622796297073364,29.70069780755829,4.345836914835853,1.0509538808797358,0.9899809060432418,0.9419832059752664,0.035384821181281716,0.24183003216065957,0.012269359481577221,0.9999999999968529,5.430374585557729e-06
query_row_causal,128.0,0.25,2,255,0.7996947765350342,24.33527171832703,3.0804109196456424,2.0722422999208123,1.3493274335207992,0.6511436590076178,0.08515385913526477,0.6727161907863884,-0.7134160523257302,,
query_row_causal,128.0,0.25,2,511,0.8022953867912292,29.114537337914705,3.5991470719226406,1.604161436417793,1.5382330206688621,0.9589016328081332,0.055098297383168696,0.44570599766040137,-0.1709783610666135,,
query_row_causal,128.0,0.25,2,1023,0.7992894053459167,30.117203413781894,3.6487409097237835,1.1303581199735109,1.1081637569782852,0.9803651934700608,0.037531974813313815,0.30979402153798885,-0.014479986050269284,,
query_row_causal,128.0,0.25,2,2047,0.8038201928138733,33.32747832352907,3.9589779888071663,0.8038146761302403,0.7961263635524087,0.9904352174622577,0.02411867673656996,0.2030359043174242,0.005607904686139863,,
layer_causal_all,128.0,0.25,6,all,0.2964404225349426,24.56578524428476,4.880816899831246,0.44124063098497707,0.4269271401401812,0.9675608050581289,0.017961592784323143,0.09040302884548546,0.1966654708849558,0.9999983670684804,1.1264492059126496e-05
query_row_causal,128.0,0.25,6,255,0.2103545069694519,19.581812684804525,3.7612280259132884,0.5496056969990694,0.41587344199357246,0.7566760029313827,0.028067151179806914,0.14612400344050291,-0.46238781351348507,,
query_row_causal,128.0,0.25,6,511,0.19681230187416077,22.88976551967308,4.839279616914094,0.39361889280569606,0.39360910108846087,0.9999751238636809,0.0171962833113075,0.08133832387571323,0.33182530860111853,,
query_row_causal,128.0,0.25,6,1023,0.3147745132446289,27.814305804087255,6.442478691136223,0.4451549933967262,0.44066763319994734,0.9899195555180942,0.016004533657327936,0.06909685149741904,0.23889237162247762,,
query_row_causal,128.0,0.25,6,2047,0.28122931718826294,22.537581134006064,3.3951552319243796,0.28122707782557393,0.27999833600898505,0.9956307841119375,0.012478139342169313,0.08283187619264583,0.13592460410937832,,
layer_causal_all,128.0,0.25,8,all,0.7810916900634766,20.290767426986182,4.516620367596969,1.0802306895046063,1.045328212134986,0.9676897928296904,0.053237547243675375,0.2391679179535149,0.23979917948792942,0.9991716333497864,0.0008015724597498775
query_row_causal,128.0,0.25,8,255,0.7741739153862,13.588536426871562,4.101085440922521,2.059444606862461,1.8899572861444105,0.9177024134792039,0.15155749980475264,0.502170617152321,0.028631857686934183,,
query_row_causal,128.0,0.25,8,511,0.7712246179580688,15.503374865450859,3.5022751032411295,1.5424026793330268,1.5182425641596902,0.9843360521237009,0.09948818839246791,0.44040020668440144,0.34064779171314774,,
query_row_causal,128.0,0.25,8,1023,0.7514017820358276,22.470914670732473,4.992682469218643,1.0626347078547214,1.0494592069711963,0.9876011005605829,0.04728933928260443,0.21283843192635965,0.2746332609166869,,
query_row_causal,128.0,0.25,8,2047,0.8031235933303833,19.183700415001805,5.4646438539444455,0.803116998751212,0.8003446465101596,0.9965480095112378,0.041864550705929926,0.1469660274697522,0.23670091977595126,,
layer_causal_all,256.0,0.5,0,all,0.6363011598587036,4.552632947581457,1.4863809878318204,0.8888699614690084,0.8230643216910369,0.9259670788410753,0.19524305422891872,0.5980095068126513,-0.00445787393610947,0.9999999999764346,3.6119381547905505e-06
query_row_causal,256.0,0.5,0,255,0.5939791202545166,3.6026326779015405,1.5429944734164516,1.3922384871957245,0.6965886587742387,0.5003371657806429,0.38645030222916726,0.902296483352317,-0.3187499101966675,,
query_row_causal,256.0,0.5,0,511,0.19558632373809814,4.99230859621945,1.7146886745750434,0.3672424892927753,0.33209531143008264,0.9042943589387544,0.07356165633888875,0.21417444154040977,-0.19752773533356988,,
query_row_causal,256.0,0.5,0,1023,0.7966101765632629,3.7577974803652174,1.4256601559475395,1.1265657342994002,1.1070674858525584,0.9826923118170574,0.2997941587288281,0.7902063683267129,0.001453817783846768,,
query_row_causal,256.0,0.5,0,2047,0.6002509593963623,5.814106743436632,1.4832539449809856,0.6002484827954465,0.5960717370449818,0.993041638804295,0.10324001764725918,0.4046835572738971,-0.002856252067640286,,
layer_causal_all,256.0,0.5,2,all,0.28965210914611816,29.199085432100496,3.8202996187649387,0.4414948972333516,0.4162061118505187,0.9427200958803685,0.015120161837260386,0.11556551613511458,0.04747522865101633,0.9999999999725308,2.176013367716223e-06
query_row_causal,256.0,0.5,2,255,0.1958639770746231,24.092772494424242,2.3231655111132943,0.4347495985555258,0.27596472225387425,0.6347670548075924,0.01804481400619789,0.1871367306702085,-0.6824091097780468,,
query_row_causal,256.0,0.5,2,511,0.46718356013298035,27.401636493519266,2.400725199049355,0.8721000102383945,0.7473983846113155,0.8570099482134039,0.03182656665212875,0.3632652377638768,-0.2918937299192443,,
query_row_causal,256.0,0.5,2,1023,0.21847236156463623,30.017655740229827,3.2208822459812976,0.3089629892932606,0.2963278346244564,0.95910463354298,0.010292708796682837,0.09592495648630261,0.1093832773635971,,
query_row_causal,256.0,0.5,2,2047,0.20141807198524475,33.245861230226126,3.7230991386561105,0.2014157989092236,0.19723393685505913,0.9792376661770749,0.006058372123808977,0.054098962022785836,0.038994013222256034,,
layer_causal_all,256.0,0.5,6,all,0.7176669836044312,22.576383557898996,4.282005449051328,0.9793187009804714,0.9025038298477691,0.9215629487563171,0.04337801483877734,0.22870561764404992,0.2081098401840309,0.999999999929159,3.5770281101576984e-06
query_row_causal,256.0,0.5,6,255,0.8012192845344543,18.482536052569586,3.7095374200913773,1.8950672420844,0.2841624968041293,0.1499485034059143,0.10253285786616566,0.5108634925261701,-0.21459327823564667,,
query_row_causal,256.0,0.5,6,511,0.20085765421390533,19.61851572608433,3.1756982915602214,0.3773876437543713,0.34313275208729827,0.9092315494850479,0.01923629947461343,0.1188361138579574,0.0933134212430753,,
query_row_causal,256.0,0.5,6,1023,0.7789639234542847,23.53647383453313,4.139627359628244,1.1016077136741464,1.0960147792961914,0.9949229346267909,0.04680428008964742,0.26611277247261106,0.23856858796918243,,
query_row_causal,256.0,0.5,6,2047,0.7829036712646484,25.58930611166526,5.844345506838595,0.7829007830858493,0.7723408676128343,0.9865118087742963,0.030594842223132912,0.1339586754701207,0.11092605604539744,,
layer_causal_all,256.0,0.5,8,all,0.7842690944671631,17.91697371451567,4.793939973867122,1.0514175838263737,0.9812367385890944,0.9332512159613372,0.05868276644144173,0.2193222254675475,0.20218016657685722,0.9999999968680641,7.795249985065311e-06
query_row_causal,256.0,0.5,8,255,0.7940946817398071,12.635462297876751,4.856615683281659,1.5759574125392137,1.337050743598257,0.8484053775564749,0.12472495072887328,0.3244970397728331,-0.2286100139642329,,
query_row_causal,256.0,0.5,8,511,0.778992772102356,13.63305316874143,3.9210191022681546,1.4741886341082744,1.411869464430562,0.9577264617052154,0.10813341779436249,0.375970786078424,0.31970095476079435,,
query_row_causal,256.0,0.5,8,1023,0.7154034972190857,18.880323799663945,5.74365525401679,1.01171778860044,1.0032718266233407,0.9916518597653768,0.053585828258858985,0.1761452844672217,0.23661077611135492,,
query_row_causal,256.0,0.5,8,2047,0.79726642370224,18.8964232634594,5.388581241193151,0.7972585624284557,0.7881512317744271,0.9885766913229661,0.04219097716604069,0.14795333442016084,0.17916409542075767,,
layer_causal_all,384.0,0.75,0,all,0.5968946814537048,4.43800583050874,1.3932755179913174,0.8136442959005514,0.7345033898912887,0.9027327956356302,0.18333556263203044,0.5839794680908345,-0.007882059950733884,0.9999999999670767,3.1317322282120585e-06
query_row_causal,384.0,0.75,0,255,0.5527107119560242,3.509656207176404,1.7019129549471406,1.1563653432987648,0.4632409604233075,0.400600868149351,0.32948108733108256,0.6794503443536454,-0.3176465039096798,,
query_row_causal,384.0,0.75,0,511,0.20770396292209625,4.875195956906949,1.668521740489545,0.3615486818364066,0.21676195907087156,0.5995374066083635,0.07416085118059335,0.2166880257312848,-0.21978064475808848,,
query_row_causal,384.0,0.75,0,1023,0.8023708462715149,3.3705869304204366,1.2203987944567987,1.1326627658622925,1.0570935154768575,0.9332817740080788,0.3360431845384886,0.9281087223348515,-0.003266870399261711,,
query_row_causal,384.0,0.75,0,2047,0.7171541452407837,5.2458531291909285,1.3373764721470678,0.7171516095918755,0.716476854151494,0.9990591174427322,0.13670828975390745,0.5362376447676973,0.007711686659431352,,
layer_causal_all,384.0,0.75,2,all,0.6267906427383423,31.184939455912108,5.904235745325986,0.8392223831125956,0.7631926004495085,0.9094044865901934,0.02691114357618206,0.14213903700863495,0.048998271286778444,0.9999999999555114,3.7067511584609747e-06
query_row_causal,384.0,0.75,2,255,0.5285545587539673,28.58859105602664,5.710861141123019,1.0006676722012466,0.5149943143217932,0.5146506963584824,0.03500234307595582,0.17522185314498284,-0.6543023275613399,,
query_row_causal,384.0,0.75,2,511,0.770805835723877,30.609638866473997,4.895566209729749,1.319109713047824,0.9224729979532958,0.6993148400233573,0.04309458595059131,0.26944987699811807,-0.40521747630381355,,
query_row_causal,384.0,0.75,2,1023,0.7216336727142334,33.26133303231187,6.417555616482477,1.0186376943360906,0.9549257564778719,0.9374537794816795,0.030625281715153465,0.15872674195762024,0.06609139461193052,,
query_row_causal,384.0,0.75,2,2047,0.7338069081306458,34.78669608704205,5.709971008192308,0.7338035402193142,0.7326342368024846,0.9984065170679334,0.021094372928754622,0.12851265604790268,0.05215433571625364,,
layer_causal_all,384.0,0.75,6,all,0.5727713108062744,25.739003697263517,6.394063922144506,0.7680098397731341,0.6806669560431992,0.8862737438940423,0.029838367048169244,0.12011294368098079,0.16822486060652375,0.9999999999800184,1.94646418094635e-06
query_row_causal,384.0,0.75,6,255,0.7440157532691956,18.04904529556856,4.300065702944101,1.5681830692164709,0.13460618743920097,0.08583576119493229,0.08688454394878684,0.36468816468148196,0.018962921451402243,,
query_row_causal,384.0,0.75,6,511,0.3968604803085327,25.478882532650054,7.370589536962359,0.6931840573664189,0.40026183492739387,0.5774250441478553,0.027206218972835025,0.09404730162902286,-0.11812379765364182,,
query_row_causal,384.0,0.75,6,1023,0.7072838544845581,27.03313823382561,6.826428624697049,0.9965413276808521,0.993499198152632,0.9969473122250737,0.03686369370293513,0.1459828238847334,0.13826392829091272,,
query_row_causal,384.0,0.75,6,2047,0.7503527998924255,26.25658862642288,6.683147264149599,0.7503509767901428,0.7349705944354129,0.979502415762122,0.028577626266157046,0.1122750924276725,0.03840529576421323,,
layer_causal_all,384.0,0.75,8,all,0.7706064581871033,21.53524855265378,5.734032070734429,0.9936837880841481,0.8509981849389822,0.8564074357897414,0.04614220196505217,0.17329581973490335,0.28483498765684523,0.9999999994510017,7.434151484631002e-06
query_row_causal,384.0,0.75,8,255,0.7276755571365356,13.201821412886439,4.5582538358299285,1.1144289468199964,0.8057235332588719,0.7229922872678335,0.08441478732110332,0.24448593407854624,-0.19909542008052225,,
query_row_causal,384.0,0.75,8,511,0.7497001886367798,17.941909947807932,4.761479561339925,1.1979317942245504,1.193624192565506,0.9964041344592304,0.06676723925765266,0.2515881416253399,0.33139379365514954,,
query_row_causal,384.0,0.75,8,1023,0.780494213104248,25.33688290622101,7.199150538406906,1.1017255734466354,1.0326617800999862,0.9373130705039457,0.04348307475408219,0.1530354960031764,0.38111316118283456,,
query_row_causal,384.0,0.75,8,2047,0.8044031262397766,20.839200922850043,7.058133512786668,0.8043944020435945,0.7298666910406063,0.9073492918229569,0.03860005981139044,0.11396701416689499,0.1771923989203806,,
