model_tag,seed,seq_len,layer,n_layers,K,qbin,qbin_lo,qbin_hi,null_usage,scale0_usage,scale1_usage,scale2_usage
medium,42,512,0,24,3,0,0,512,0.27588924765586853,0.4505648910999298,0.4016472101211548,0.35003429651260376
medium,42,512,1,24,3,0,0,512,0.8055811524391174,0.07123104482889175,0.11692658811807632,0.09029104560613632
medium,42,512,2,24,3,0,0,512,0.3006702959537506,0.43875473737716675,0.19189243018627167,0.288229376077652
medium,42,512,3,24,3,0,0,512,0.3039410412311554,0.39658454060554504,0.19300124049186707,0.406919002532959
medium,42,512,4,24,3,0,0,512,0.2010522186756134,0.4814915060997009,0.41631123423576355,0.35553526878356934
medium,42,512,5,24,3,0,0,512,0.23133127391338348,0.3594615161418915,0.543839693069458,0.40062665939331055
medium,42,512,6,24,3,0,0,512,0.39705005288124084,0.43195033073425293,0.44626569747924805,0.2219609022140503
medium,42,512,7,24,3,0,0,512,0.48673152923583984,0.3743347227573395,0.3090050220489502,0.15933960676193237
medium,42,512,8,24,3,0,0,512,0.5224930644035339,0.3250460922718048,0.09706123173236847,0.12895290553569794
medium,42,512,9,24,3,0,0,512,0.35617294907569885,0.21416111290454865,0.4729945957660675,0.3085594177246094
medium,42,512,10,24,3,0,0,512,0.3603968918323517,0.38303545117378235,0.3191775977611542,0.3481302857398987
medium,42,512,11,24,3,0,0,512,0.1822366863489151,0.5387747883796692,0.4458315670490265,0.4524134397506714
medium,42,512,12,24,3,0,0,512,0.321429967880249,0.3906937837600708,0.3495166599750519,0.39633238315582275
medium,42,512,13,24,3,0,0,512,0.2859755754470825,0.4561821520328522,0.2032114863395691,0.29329708218574524
medium,42,512,14,24,3,0,0,512,0.18675626814365387,0.507075846195221,0.4113945960998535,0.3617067337036133
medium,42,512,15,24,3,0,0,512,0.31814825534820557,0.45599907636642456,0.41880500316619873,0.1994573324918747
medium,42,512,16,24,3,0,0,512,0.22674846649169922,0.4111180901527405,0.30835407972335815,0.25456908345222473
medium,42,512,17,24,3,0,0,512,0.23290599882602692,0.3431827127933502,0.46494242548942566,0.26630857586860657
medium,42,512,18,24,3,0,0,512,0.25313815474510193,0.4246630072593689,0.2305547595024109,0.26910096406936646
medium,42,512,19,24,3,0,0,512,0.25605905055999756,0.47161179780960083,0.3190772533416748,0.3033106327056885
medium,42,512,20,24,3,0,0,512,0.14700713753700256,0.5247284770011902,0.4276956617832184,0.35139188170433044
medium,42,512,21,24,3,0,0,512,0.1684459149837494,0.5265425443649292,0.37293216586112976,0.38319525122642517
medium,42,512,22,24,3,0,0,512,0.18529172241687775,0.5453858375549316,0.2888200581073761,0.3291674852371216
medium,42,512,23,24,3,0,0,512,0.4550981819629669,0.43246519565582275,0.41610977053642273,0.2920886278152466
medium,42,2048,0,24,3,0,0,512,0.2713513672351837,0.4560824930667877,0.4047069847583771,0.3526586890220642
medium,42,2048,0,24,3,1,512,1024,0.2696733772754669,0.4475082755088806,0.40684109926223755,0.34476715326309204
medium,42,2048,0,24,3,2,1024,1536,0.27174994349479675,0.4460960030555725,0.40666088461875916,0.3439745306968689
medium,42,2048,0,24,3,3,1536,2048,0.274883508682251,0.4453684687614441,0.40457868576049805,0.3390144407749176
medium,42,2048,1,24,3,0,0,512,0.8070108294487,0.07079179584980011,0.11470741033554077,0.08951570838689804
medium,42,2048,1,24,3,1,512,1024,0.8043627142906189,0.06761758774518967,0.11952999234199524,0.09606001526117325
medium,42,2048,1,24,3,2,1024,1536,0.8020809292793274,0.06707499176263809,0.12322426587343216,0.09792358428239822
medium,42,2048,1,24,3,3,1536,2048,0.7992473840713501,0.06723520159721375,0.12585996091365814,0.1016853004693985
medium,42,2048,2,24,3,0,0,512,0.29621222615242004,0.43764954805374146,0.1910839080810547,0.2950839400291443
medium,42,2048,2,24,3,1,512,1024,0.30913037061691284,0.43944621086120605,0.18514904379844666,0.2846228778362274
medium,42,2048,2,24,3,2,1024,1536,0.3183439373970032,0.4338318109512329,0.17839641869068146,0.27617785334587097
medium,42,2048,2,24,3,3,1536,2048,0.3251851201057434,0.42573294043540955,0.17266516387462616,0.2675025165081024
medium,42,2048,3,24,3,0,0,512,0.30525803565979004,0.3888198137283325,0.19345325231552124,0.41074371337890625
medium,42,2048,3,24,3,1,512,1024,0.308738112449646,0.4010556936264038,0.1744367629289627,0.41466182470321655
medium,42,2048,3,24,3,2,1024,1536,0.31542426347732544,0.40604233741760254,0.16876545548439026,0.4149332344532013
medium,42,2048,3,24,3,3,1536,2048,0.3170820474624634,0.4050131142139435,0.16681882739067078,0.418504923582077
medium,42,2048,4,24,3,0,0,512,0.20042501389980316,0.4831222593784332,0.4265064597129822,0.35872212052345276
medium,42,2048,4,24,3,1,512,1024,0.18917270004749298,0.48162078857421875,0.47198686003685,0.38258010149002075
medium,42,2048,4,24,3,2,1024,1536,0.18865233659744263,0.4768184721469879,0.48432406783103943,0.39482584595680237
medium,42,2048,4,24,3,3,1536,2048,0.18878687918186188,0.47543105483055115,0.49327579140663147,0.4046553671360016
medium,42,2048,5,24,3,0,0,512,0.23174606263637543,0.35446080565452576,0.5463452339172363,0.396986722946167
medium,42,2048,5,24,3,1,512,1024,0.21656158566474915,0.36446988582611084,0.5532135367393494,0.4004817306995392
medium,42,2048,5,24,3,2,1024,1536,0.2050446718931198,0.3713822066783905,0.5495591163635254,0.40230587124824524
medium,42,2048,5,24,3,3,1536,2048,0.20189620554447174,0.3748825490474701,0.5502753853797913,0.39690855145454407
medium,42,2048,6,24,3,0,0,512,0.4033745229244232,0.4277261793613434,0.4414215087890625,0.21435590088367462
medium,42,2048,6,24,3,1,512,1024,0.40605220198631287,0.4358571767807007,0.44964373111724854,0.21369296312332153
medium,42,2048,6,24,3,2,1024,1536,0.4036628007888794,0.4411645531654358,0.4564167261123657,0.21225948631763458
medium,42,2048,6,24,3,3,1536,2048,0.40786075592041016,0.43938401341438293,0.4540013372898102,0.2055385261774063
medium,42,2048,7,24,3,0,0,512,0.49489983916282654,0.36577972769737244,0.3046186566352844,0.15420331060886383
medium,42,2048,7,24,3,1,512,1024,0.5211567878723145,0.3555341958999634,0.2880915403366089,0.15124723315238953
medium,42,2048,7,24,3,2,1024,1536,0.5410813093185425,0.34381103515625,0.2675023078918457,0.14765189588069916
medium,42,2048,7,24,3,3,1536,2048,0.5571580529212952,0.3315581679344177,0.2581484615802765,0.14173173904418945
medium,42,2048,8,24,3,0,0,512,0.5195261240005493,0.32756125926971436,0.09755069017410278,0.1287703663110733
medium,42,2048,8,24,3,1,512,1024,0.5393072366714478,0.3168911039829254,0.09986157715320587,0.11335808038711548
medium,42,2048,8,24,3,2,1024,1536,0.5491557121276855,0.3091675043106079,0.0991952195763588,0.10759693384170532
medium,42,2048,8,24,3,3,1536,2048,0.5511630773544312,0.3058890104293823,0.09970547258853912,0.1046115830540657
medium,42,2048,9,24,3,0,0,512,0.3620111346244812,0.2095533311367035,0.4737568795681,0.3002077639102936
medium,42,2048,9,24,3,1,512,1024,0.31850770115852356,0.22533346712589264,0.4908016622066498,0.33824408054351807
medium,42,2048,9,24,3,2,1024,1536,0.3111532926559448,0.22553636133670807,0.48981916904449463,0.356964111328125
medium,42,2048,9,24,3,3,1536,2048,0.31084996461868286,0.22304119169712067,0.491035133600235,0.3662744462490082
medium,42,2048,10,24,3,0,0,512,0.36753326654434204,0.376369833946228,0.32314881682395935,0.3459242284297943
medium,42,2048,10,24,3,1,512,1024,0.31869176030158997,0.42989131808280945,0.3595300018787384,0.35090526938438416
medium,42,2048,10,24,3,2,1024,1536,0.2950483560562134,0.4509184658527374,0.38495728373527527,0.36025840044021606
medium,42,2048,10,24,3,3,1536,2048,0.2995971739292145,0.4565756618976593,0.3901379406452179,0.35529541969299316
medium,42,2048,11,24,3,0,0,512,0.18221768736839294,0.541547954082489,0.4452982246875763,0.44992655515670776
medium,42,2048,11,24,3,1,512,1024,0.1716371327638626,0.5574976205825806,0.46915096044540405,0.46038368344306946
medium,42,2048,11,24,3,2,1024,1536,0.17022086679935455,0.5584386587142944,0.47759708762168884,0.4668407738208771
medium,42,2048,11,24,3,3,1536,2048,0.16943638026714325,0.562614381313324,0.47689560055732727,0.4667403995990753
medium,42,2048,12,24,3,0,0,512,0.3202660381793976,0.38530245423316956,0.35368385910987854,0.4013238847255707
medium,42,2048,12,24,3,1,512,1024,0.3512597382068634,0.34717556834220886,0.32579928636550903,0.40477198362350464
medium,42,2048,12,24,3,2,1024,1536,0.35347530245780945,0.3494374454021454,0.3245314359664917,0.4105079174041748
medium,42,2048,12,24,3,3,1536,2048,0.3564637005329132,0.3397829532623291,0.3196052610874176,0.41261744499206543
medium,42,2048,13,24,3,0,0,512,0.2761407792568207,0.46183663606643677,0.20929846167564392,0.3058609366416931
medium,42,2048,13,24,3,1,512,1024,0.3087563216686249,0.46794846653938293,0.19061490893363953,0.264453262090683
medium,42,2048,13,24,3,2,1024,1536,0.3262723982334137,0.4664826989173889,0.17980997264385223,0.2506052851676941
medium,42,2048,13,24,3,3,1536,2048,0.3302861750125885,0.4638555347919464,0.17547836899757385,0.2490140050649643
medium,42,2048,14,24,3,0,0,512,0.18543285131454468,0.5053107142448425,0.41393256187438965,0.3596034646034241
medium,42,2048,14,24,3,1,512,1024,0.17518281936645508,0.51398104429245,0.40277355909347534,0.35042044520378113
medium,42,2048,14,24,3,2,1024,1536,0.1727892905473709,0.5194422006607056,0.3999135196208954,0.354613333940506
medium,42,2048,14,24,3,3,1536,2048,0.1703132688999176,0.5212730169296265,0.40498197078704834,0.35546639561653137
medium,42,2048,15,24,3,0,0,512,0.31595900654792786,0.4543055593967438,0.41340333223342896,0.19659370183944702
medium,42,2048,15,24,3,1,512,1024,0.30459484457969666,0.4652608633041382,0.4219557046890259,0.18698346614837646
medium,42,2048,15,24,3,2,1024,1536,0.2942134141921997,0.4787783920764923,0.42385372519493103,0.18820178508758545
medium,42,2048,15,24,3,3,1536,2048,0.28912436962127686,0.48225080966949463,0.4282339811325073,0.1899947226047516
medium,42,2048,16,24,3,0,0,512,0.21966023743152618,0.41459670662879944,0.3044522702693939,0.25655320286750793
medium,42,2048,16,24,3,1,512,1024,0.21178318560123444,0.3729472756385803,0.3112291991710663,0.2546435594558716
medium,42,2048,16,24,3,2,1024,1536,0.21539945900440216,0.35101035237312317,0.3093365728855133,0.245999276638031
medium,42,2048,16,24,3,3,1536,2048,0.21384571492671967,0.34341689944267273,0.30770495533943176,0.23819208145141602
medium,42,2048,17,24,3,0,0,512,0.23712240159511566,0.33547914028167725,0.4611893594264984,0.26683682203292847
medium,42,2048,17,24,3,1,512,1024,0.2369462549686432,0.3388861119747162,0.4542304277420044,0.26330170035362244
medium,42,2048,17,24,3,2,1024,1536,0.2340044230222702,0.34798285365104675,0.45279461145401,0.27026641368865967
medium,42,2048,17,24,3,3,1536,2048,0.2383602112531662,0.3481704592704773,0.45036906003952026,0.27010807394981384
medium,42,2048,18,24,3,0,0,512,0.2596438229084015,0.4208381175994873,0.22601762413978577,0.27058497071266174
medium,42,2048,18,24,3,1,512,1024,0.2547275125980377,0.4355300962924957,0.2246309518814087,0.2912726402282715
medium,42,2048,18,24,3,2,1024,1536,0.2496132105588913,0.44449862837791443,0.23056702315807343,0.30801206827163696
medium,42,2048,18,24,3,3,1536,2048,0.24904130399227142,0.4562853276729584,0.2350858449935913,0.3178616464138031
medium,42,2048,19,24,3,0,0,512,0.2552509903907776,0.4665546417236328,0.3150632977485657,0.3102231025695801
medium,42,2048,19,24,3,1,512,1024,0.26674512028694153,0.45767414569854736,0.32155436277389526,0.31078699231147766
medium,42,2048,19,24,3,2,1024,1536,0.2614724636077881,0.45988550782203674,0.3319746255874634,0.31347304582595825
medium,42,2048,19,24,3,3,1536,2048,0.2542372941970825,0.45552492141723633,0.3367067575454712,0.3150140941143036
medium,42,2048,20,24,3,0,0,512,0.1463158279657364,0.5234517455101013,0.4260275661945343,0.3562784194946289
medium,42,2048,20,24,3,1,512,1024,0.14172004163265228,0.5334985256195068,0.4297724962234497,0.3656044006347656
medium,42,2048,20,24,3,2,1024,1536,0.13927774131298065,0.5341890454292297,0.43371129035949707,0.3745797872543335
medium,42,2048,20,24,3,3,1536,2048,0.1378597766160965,0.5354969501495361,0.4392619729042053,0.3846776783466339
medium,42,2048,21,24,3,0,0,512,0.16899700462818146,0.5260717868804932,0.3732602000236511,0.38522568345069885
medium,42,2048,21,24,3,1,512,1024,0.15446700155735016,0.5247648358345032,0.3479640483856201,0.40824753046035767
medium,42,2048,21,24,3,2,1024,1536,0.15154509246349335,0.5267336964607239,0.340669184923172,0.4122716188430786
medium,42,2048,21,24,3,3,1536,2048,0.1503005474805832,0.526226282119751,0.3389887809753418,0.41439297795295715
medium,42,2048,22,24,3,0,0,512,0.18821033835411072,0.5459163784980774,0.29045674204826355,0.3255191445350647
medium,42,2048,22,24,3,1,512,1024,0.17350473999977112,0.5522586107254028,0.2982292175292969,0.3566679060459137
medium,42,2048,22,24,3,2,1024,1536,0.16608315706253052,0.5550607442855835,0.30659905076026917,0.37205806374549866
medium,42,2048,22,24,3,3,1536,2048,0.16230179369449615,0.555297315120697,0.31442388892173767,0.381481409072876
medium,42,2048,23,24,3,0,0,512,0.4564453065395355,0.4303484261035919,0.41651102900505066,0.2941858172416687
medium,42,2048,23,24,3,1,512,1024,0.44761359691619873,0.43982356786727905,0.4284047782421112,0.29240933060646057
medium,42,2048,23,24,3,2,1024,1536,0.4375523030757904,0.4488406777381897,0.4380745589733124,0.2917002737522125
medium,42,2048,23,24,3,3,1536,2048,0.4364326298236847,0.4512730836868286,0.4386443495750427,0.28815966844558716
medium,42,4096,0,24,3,0,0,512,0.3150869905948639,0.423613041639328,0.3598622977733612,0.31784868240356445
medium,42,4096,0,24,3,1,512,1024,0.30900728702545166,0.42433735728263855,0.3647623360157013,0.3153604567050934
medium,42,4096,0,24,3,2,1024,1536,0.3077506721019745,0.4252321124076843,0.3659423887729645,0.3201521635055542
medium,42,4096,0,24,3,3,1536,2048,0.30446502566337585,0.42764583230018616,0.368286669254303,0.3173670768737793
medium,42,4096,0,24,3,4,2048,2560,0.3076065182685852,0.42435792088508606,0.3661985397338867,0.3224559724330902
medium,42,4096,0,24,3,5,2560,3072,0.30913636088371277,0.4248059093952179,0.36842048168182373,0.3193950057029724
medium,42,4096,0,24,3,6,3072,3584,0.30576813220977783,0.42604759335517883,0.37237095832824707,0.3211565315723419
medium,42,4096,0,24,3,7,3584,4096,0.30461937189102173,0.42896461486816406,0.36852937936782837,0.32058000564575195
medium,42,4096,1,24,3,0,0,512,0.5751118659973145,0.1585981547832489,0.2872117757797241,0.26187989115715027
medium,42,4096,1,24,3,1,512,1024,0.5769554376602173,0.14538432657718658,0.3012324571609497,0.2680014371871948
medium,42,4096,1,24,3,2,1024,1536,0.5555909276008606,0.14780817925930023,0.3188658058643341,0.2841953933238983
medium,42,4096,1,24,3,3,1536,2048,0.5516307950019836,0.14692538976669312,0.3241448700428009,0.2874651253223419
medium,42,4096,1,24,3,4,2048,2560,0.5463712215423584,0.1470407247543335,0.3306843936443329,0.29219910502433777
medium,42,4096,1,24,3,5,2560,3072,0.5451338291168213,0.14784970879554749,0.33418163657188416,0.2941763997077942
medium,42,4096,1,24,3,6,3072,3584,0.5379683971405029,0.15051358938217163,0.3390873372554779,0.30061665177345276
medium,42,4096,1,24,3,7,3584,4096,0.5348429679870605,0.15009433031082153,0.34127509593963623,0.3036317527294159
medium,42,4096,2,24,3,0,0,512,0.3487187325954437,0.4027094542980194,0.16653767228126526,0.38090381026268005
medium,42,4096,2,24,3,1,512,1024,0.33333075046539307,0.4245256781578064,0.17495211958885193,0.40356454253196716
medium,42,4096,2,24,3,2,1024,1536,0.32762715220451355,0.4274226725101471,0.17839032411575317,0.4122079014778137
medium,42,4096,2,24,3,3,1536,2048,0.3286058008670807,0.4271535873413086,0.17581744492053986,0.41029003262519836
medium,42,4096,2,24,3,4,2048,2560,0.3323594629764557,0.4229671359062195,0.17339271306991577,0.4071000814437866
medium,42,4096,2,24,3,5,2560,3072,0.3384818732738495,0.41846197843551636,0.17165634036064148,0.4084102213382721
medium,42,4096,2,24,3,6,3072,3584,0.3404727280139923,0.41676798462867737,0.1727897673845291,0.4091409742832184
medium,42,4096,2,24,3,7,3584,4096,0.33821162581443787,0.4166690707206726,0.17375360429286957,0.41000181436538696
medium,42,4096,3,24,3,0,0,512,0.2708549499511719,0.35166317224502563,0.2467593550682068,0.37260207533836365
medium,42,4096,3,24,3,1,512,1024,0.2266358882188797,0.37797150015830994,0.23145954310894012,0.38503414392471313
medium,42,4096,3,24,3,2,1024,1536,0.21460792422294617,0.3853890895843506,0.22793835401535034,0.3950428068637848
medium,42,4096,3,24,3,3,1536,2048,0.20870040357112885,0.384479284286499,0.22368909418582916,0.3972000777721405
medium,42,4096,3,24,3,4,2048,2560,0.20536288619041443,0.382864773273468,0.22509989142417908,0.40044254064559937
medium,42,4096,3,24,3,5,2560,3072,0.20333930850028992,0.3825250566005707,0.22561052441596985,0.4049559533596039
medium,42,4096,3,24,3,6,3072,3584,0.20183882117271423,0.38219892978668213,0.22530847787857056,0.4041811227798462
medium,42,4096,3,24,3,7,3584,4096,0.200632244348526,0.3766561448574066,0.2253223955631256,0.4049486815929413
medium,42,4096,4,24,3,0,0,512,0.3130016624927521,0.38801687955856323,0.36206358671188354,0.3448735177516937
medium,42,4096,4,24,3,1,512,1024,0.3023987114429474,0.38807231187820435,0.3776533603668213,0.35956084728240967
medium,42,4096,4,24,3,2,1024,1536,0.29225292801856995,0.3868716061115265,0.38430389761924744,0.3928773105144501
medium,42,4096,4,24,3,3,1536,2048,0.2832895517349243,0.39430221915245056,0.39179477095603943,0.403143972158432
medium,42,4096,4,24,3,4,2048,2560,0.2732717990875244,0.39705199003219604,0.3936763107776642,0.4102333188056946
medium,42,4096,4,24,3,5,2560,3072,0.2643750309944153,0.3929102420806885,0.40396636724472046,0.42092007398605347
medium,42,4096,4,24,3,6,3072,3584,0.2602331340312958,0.3928869366645813,0.4069914221763611,0.4309197962284088
medium,42,4096,4,24,3,7,3584,4096,0.2540989816188812,0.39436110854148865,0.41034695506095886,0.43630221486091614
medium,42,4096,5,24,3,0,0,512,0.24973557889461517,0.37502142786979675,0.5519301891326904,0.36130017042160034
medium,42,4096,5,24,3,1,512,1024,0.22863823175430298,0.39051100611686707,0.5613638758659363,0.3757907748222351
medium,42,4096,5,24,3,2,1024,1536,0.22427721321582794,0.3963758051395416,0.5607905387878418,0.3789405822753906
medium,42,4096,5,24,3,3,1536,2048,0.21608643233776093,0.3955717086791992,0.5587357878684998,0.3796355426311493
medium,42,4096,5,24,3,4,2048,2560,0.2130419760942459,0.3976031541824341,0.5562155246734619,0.37913838028907776
medium,42,4096,5,24,3,5,2560,3072,0.21108774840831757,0.4000648856163025,0.55386883020401,0.37578949332237244
medium,42,4096,5,24,3,6,3072,3584,0.20876428484916687,0.4010330140590668,0.5515974164009094,0.37353816628456116
medium,42,4096,5,24,3,7,3584,4096,0.20875416696071625,0.39784950017929077,0.5498907566070557,0.3706260919570923
medium,42,4096,6,24,3,0,0,512,0.5304908752441406,0.3349171578884125,0.3419986367225647,0.2227465808391571
medium,42,4096,6,24,3,1,512,1024,0.5257010459899902,0.3468279540538788,0.35905778408050537,0.23465034365653992
medium,42,4096,6,24,3,2,1024,1536,0.5259499549865723,0.3523455560207367,0.3630545437335968,0.23259292542934418
medium,42,4096,6,24,3,3,1536,2048,0.5102279782295227,0.36497658491134644,0.37511497735977173,0.2369488924741745
medium,42,4096,6,24,3,4,2048,2560,0.5152023434638977,0.3634079694747925,0.3735748529434204,0.2337280809879303
medium,42,4096,6,24,3,5,2560,3072,0.5189456939697266,0.36248889565467834,0.37149935960769653,0.22769662737846375
medium,42,4096,6,24,3,6,3072,3584,0.518701434135437,0.363203227519989,0.37270113825798035,0.22596389055252075
medium,42,4096,6,24,3,7,3584,4096,0.5162973403930664,0.3676520884037018,0.3739880919456482,0.22814904153347015
medium,42,4096,7,24,3,0,0,512,0.5964286923408508,0.2841578423976898,0.1764269471168518,0.19235685467720032
medium,42,4096,7,24,3,1,512,1024,0.6173637509346008,0.27272000908851624,0.15997779369354248,0.1882174164056778
medium,42,4096,7,24,3,2,1024,1536,0.6312978863716125,0.26450005173683167,0.14825241267681122,0.17741672694683075
medium,42,4096,7,24,3,3,1536,2048,0.6355847120285034,0.2621510922908783,0.1413840502500534,0.1727280616760254
medium,42,4096,7,24,3,4,2048,2560,0.6470159888267517,0.2542344033718109,0.13828790187835693,0.1671012043952942
medium,42,4096,7,24,3,5,2560,3072,0.6443071961402893,0.25770843029022217,0.1386692225933075,0.16637495160102844
medium,42,4096,7,24,3,6,3072,3584,0.6397574543952942,0.26048192381858826,0.13732297718524933,0.1701582372188568
medium,42,4096,7,24,3,7,3584,4096,0.6375964283943176,0.26192688941955566,0.13480544090270996,0.1683405339717865
medium,42,4096,8,24,3,0,0,512,0.585706889629364,0.31633785367012024,0.09725659340620041,0.16852721571922302
medium,42,4096,8,24,3,1,512,1024,0.6191977262496948,0.2889470160007477,0.09199915826320648,0.13888034224510193
medium,42,4096,8,24,3,2,1024,1536,0.6281380653381348,0.28345566987991333,0.09228497743606567,0.13098354637622833
medium,42,4096,8,24,3,3,1536,2048,0.6357901096343994,0.27529677748680115,0.09235769510269165,0.12263670563697815
medium,42,4096,8,24,3,4,2048,2560,0.6375534534454346,0.27332910895347595,0.09306342899799347,0.11772432178258896
medium,42,4096,8,24,3,5,2560,3072,0.6428415775299072,0.2680356502532959,0.09084182977676392,0.11476206034421921
medium,42,4096,8,24,3,6,3072,3584,0.6422023177146912,0.2677556276321411,0.09091446548700333,0.1131490170955658
medium,42,4096,8,24,3,7,3584,4096,0.6424439549446106,0.2678762674331665,0.0923067256808281,0.11179783195257187
medium,42,4096,9,24,3,0,0,512,0.42772066593170166,0.24302080273628235,0.44377583265304565,0.29175248742103577
medium,42,4096,9,24,3,1,512,1024,0.4150046110153198,0.26031798124313354,0.453741192817688,0.30182886123657227
medium,42,4096,9,24,3,2,1024,1536,0.4183705449104309,0.261460542678833,0.45022299885749817,0.3043724298477173
medium,42,4096,9,24,3,3,1536,2048,0.40761855244636536,0.2642488479614258,0.4512549638748169,0.31960737705230713
medium,42,4096,9,24,3,4,2048,2560,0.41789209842681885,0.26053619384765625,0.44371041655540466,0.31506603956222534
medium,42,4096,9,24,3,5,2560,3072,0.4292236566543579,0.25006771087646484,0.43901512026786804,0.31290677189826965
medium,42,4096,9,24,3,6,3072,3584,0.4301247298717499,0.2483762800693512,0.43782052397727966,0.3203984797000885
medium,42,4096,9,24,3,7,3584,4096,0.4294957220554352,0.24773871898651123,0.4360867440700531,0.32360532879829407
medium,42,4096,10,24,3,0,0,512,0.4135204255580902,0.32279345393180847,0.40285101532936096,0.3575285077095032
medium,42,4096,10,24,3,1,512,1024,0.40343552827835083,0.34899085760116577,0.41680046916007996,0.35199174284935
medium,42,4096,10,24,3,2,1024,1536,0.4016461670398712,0.35824546217918396,0.4219624400138855,0.35106179118156433
medium,42,4096,10,24,3,3,1536,2048,0.4088309109210968,0.3597124516963959,0.4178423583507538,0.34858039021492004
medium,42,4096,10,24,3,4,2048,2560,0.4041641354560852,0.3649381995201111,0.42182445526123047,0.35742586851119995
medium,42,4096,10,24,3,5,2560,3072,0.4083017408847809,0.3636031448841095,0.42560452222824097,0.35441523790359497
medium,42,4096,10,24,3,6,3072,3584,0.40964576601982117,0.3607330620288849,0.42649662494659424,0.3553808331489563
medium,42,4096,10,24,3,7,3584,4096,0.4058808386325836,0.36577579379081726,0.4304072856903076,0.3566892445087433
medium,42,4096,11,24,3,0,0,512,0.26422393321990967,0.5570974946022034,0.36265236139297485,0.40309634804725647
medium,42,4096,11,24,3,1,512,1024,0.24376815557479858,0.5787547826766968,0.3999655842781067,0.4209946095943451
medium,42,4096,11,24,3,2,1024,1536,0.23623016476631165,0.5840326547622681,0.40492600202560425,0.43259310722351074
medium,42,4096,11,24,3,3,1536,2048,0.23068296909332275,0.583964467048645,0.4057433307170868,0.4426746368408203
medium,42,4096,11,24,3,4,2048,2560,0.22547832131385803,0.5841526389122009,0.4074169099330902,0.4491210877895355
medium,42,4096,11,24,3,5,2560,3072,0.22476385533809662,0.5850832462310791,0.40265747904777527,0.45378631353378296
medium,42,4096,11,24,3,6,3072,3584,0.22280855476856232,0.5845872759819031,0.40142327547073364,0.45735791325569153
medium,42,4096,11,24,3,7,3584,4096,0.21902550756931305,0.5846291780471802,0.4020839035511017,0.458053857088089
medium,42,4096,12,24,3,0,0,512,0.26818716526031494,0.4029406011104584,0.43129295110702515,0.43273404240608215
medium,42,4096,12,24,3,1,512,1024,0.2884342670440674,0.39611881971359253,0.41501832008361816,0.4479103088378906
medium,42,4096,12,24,3,2,1024,1536,0.30067500472068787,0.3898136019706726,0.4014979600906372,0.4500972032546997
medium,42,4096,12,24,3,3,1536,2048,0.30424901843070984,0.39854949712753296,0.393528550863266,0.44765082001686096
medium,42,4096,12,24,3,4,2048,2560,0.3092902600765228,0.39465492963790894,0.38823872804641724,0.447108656167984
medium,42,4096,12,24,3,5,2560,3072,0.31727665662765503,0.39621418714523315,0.38567614555358887,0.445622056722641
medium,42,4096,12,24,3,6,3072,3584,0.32056084275245667,0.40165260434150696,0.3834241032600403,0.4438594579696655
medium,42,4096,12,24,3,7,3584,4096,0.3234712779521942,0.40250512957572937,0.38581323623657227,0.4398830831050873
medium,42,4096,13,24,3,0,0,512,0.24186956882476807,0.46903735399246216,0.3272612690925598,0.2973703444004059
medium,42,4096,13,24,3,1,512,1024,0.2447594255208969,0.484437495470047,0.34018829464912415,0.28673604130744934
medium,42,4096,13,24,3,2,1024,1536,0.23412050306797028,0.49919044971466064,0.3466618061065674,0.29168567061424255
medium,42,4096,13,24,3,3,1536,2048,0.23698261380195618,0.5032652616500854,0.3409039378166199,0.28918856382369995
medium,42,4096,13,24,3,4,2048,2560,0.23770713806152344,0.5095499753952026,0.3354976177215576,0.290493905544281
medium,42,4096,13,24,3,5,2560,3072,0.2324903905391693,0.5113240480422974,0.3445950746536255,0.2875825762748718
medium,42,4096,13,24,3,6,3072,3584,0.23164314031600952,0.515291690826416,0.3399592936038971,0.28774935007095337
medium,42,4096,13,24,3,7,3584,4096,0.23141524195671082,0.5176922678947449,0.33866164088249207,0.2894724905490875
medium,42,4096,14,24,3,0,0,512,0.20226317644119263,0.45567333698272705,0.4006247818470001,0.42384788393974304
medium,42,4096,14,24,3,1,512,1024,0.171051025390625,0.47290506958961487,0.42472952604293823,0.4030396640300751
medium,42,4096,14,24,3,2,1024,1536,0.16383564472198486,0.4773011803627014,0.4267406761646271,0.39605575799942017
medium,42,4096,14,24,3,3,1536,2048,0.1628330945968628,0.48182129859924316,0.42295992374420166,0.39387357234954834
medium,42,4096,14,24,3,4,2048,2560,0.16009461879730225,0.4826339781284332,0.42555397748947144,0.3857482671737671
medium,42,4096,14,24,3,5,2560,3072,0.15765146911144257,0.4818354547023773,0.4254130423069,0.3806780278682709
medium,42,4096,14,24,3,6,3072,3584,0.15572427213191986,0.47850918769836426,0.4186292886734009,0.3822719156742096
medium,42,4096,14,24,3,7,3584,4096,0.15455549955368042,0.4799897074699402,0.41668105125427246,0.38025227189064026
medium,42,4096,15,24,3,0,0,512,0.3984664976596832,0.31967151165008545,0.3775511085987091,0.1793537139892578
medium,42,4096,15,24,3,1,512,1024,0.3876687288284302,0.32232025265693665,0.3924218714237213,0.15990041196346283
medium,42,4096,15,24,3,2,1024,1536,0.3745385408401489,0.3335970640182495,0.40188583731651306,0.16220521926879883
medium,42,4096,15,24,3,3,1536,2048,0.36535748839378357,0.33343613147735596,0.4110724925994873,0.16275900602340698
medium,42,4096,15,24,3,4,2048,2560,0.3544975519180298,0.34169718623161316,0.42125198245048523,0.16594423353672028
medium,42,4096,15,24,3,5,2560,3072,0.3535366356372833,0.34556207060813904,0.4245300590991974,0.1669911891222
medium,42,4096,15,24,3,6,3072,3584,0.35247036814689636,0.34655362367630005,0.42480096220970154,0.1666397899389267
medium,42,4096,15,24,3,7,3584,4096,0.3454178273677826,0.3464986979961395,0.4302219748497009,0.16915155947208405
medium,42,4096,16,24,3,0,0,512,0.2709285616874695,0.3565710783004761,0.2985621988773346,0.3716046214103699
medium,42,4096,16,24,3,1,512,1024,0.2903853952884674,0.3179355263710022,0.2857324182987213,0.35323935747146606
medium,42,4096,16,24,3,2,1024,1536,0.2902871370315552,0.31398025155067444,0.28689253330230713,0.3356533348560333
medium,42,4096,16,24,3,3,1536,2048,0.29515793919563293,0.303244948387146,0.28768905997276306,0.3247339725494385
medium,42,4096,16,24,3,4,2048,2560,0.29207825660705566,0.301216721534729,0.29397910833358765,0.31916409730911255
medium,42,4096,16,24,3,5,2560,3072,0.28801289200782776,0.2953921854496002,0.29557836055755615,0.3112363815307617
medium,42,4096,16,24,3,6,3072,3584,0.29292306303977966,0.2922056317329407,0.29232943058013916,0.3062443435192108
medium,42,4096,16,24,3,7,3584,4096,0.29011568427085876,0.29241105914115906,0.29870137572288513,0.3014928996562958
medium,42,4096,17,24,3,0,0,512,0.3475656807422638,0.3213256895542145,0.35606494545936584,0.20514337718486786
medium,42,4096,17,24,3,1,512,1024,0.3582468032836914,0.3611443042755127,0.3368602991104126,0.1828201413154602
medium,42,4096,17,24,3,2,1024,1536,0.3762702941894531,0.36241257190704346,0.3230036199092865,0.17432615160942078
medium,42,4096,17,24,3,3,1536,2048,0.3917989730834961,0.3609867990016937,0.3117178976535797,0.16790664196014404
medium,42,4096,17,24,3,4,2048,2560,0.39327189326286316,0.3702344596385956,0.302932471036911,0.1652187556028366
medium,42,4096,17,24,3,5,2560,3072,0.3997865915298462,0.3710257411003113,0.29490235447883606,0.16396687924861908
medium,42,4096,17,24,3,6,3072,3584,0.4024447500705719,0.3741385340690613,0.2919667363166809,0.1655060350894928
medium,42,4096,17,24,3,7,3584,4096,0.41483309864997864,0.37159061431884766,0.2788335978984833,0.16216912865638733
medium,42,4096,18,24,3,0,0,512,0.2279958873987198,0.4079878628253937,0.2769237458705902,0.3239694833755493
medium,42,4096,18,24,3,1,512,1024,0.20636814832687378,0.4141494035720825,0.29624679684638977,0.34776753187179565
medium,42,4096,18,24,3,2,1024,1536,0.2008066028356552,0.4237198531627655,0.30021771788597107,0.35714438557624817
medium,42,4096,18,24,3,3,1536,2048,0.19665029644966125,0.434161901473999,0.3082755208015442,0.3725467324256897
medium,42,4096,18,24,3,4,2048,2560,0.18898934125900269,0.44359803199768066,0.32056567072868347,0.37889862060546875
medium,42,4096,18,24,3,5,2560,3072,0.18687984347343445,0.4516439437866211,0.32737693190574646,0.3859773576259613
medium,42,4096,18,24,3,6,3072,3584,0.18719026446342468,0.45630866289138794,0.3319041430950165,0.3868098855018616
medium,42,4096,18,24,3,7,3584,4096,0.18648098409175873,0.4549313187599182,0.33305707573890686,0.3923247456550598
medium,42,4096,19,24,3,0,0,512,0.24344493448734283,0.4477370083332062,0.34178295731544495,0.2915550768375397
medium,42,4096,19,24,3,1,512,1024,0.27127549052238464,0.43798378109931946,0.3532222807407379,0.2796756625175476
medium,42,4096,19,24,3,2,1024,1536,0.2789570689201355,0.4356561005115509,0.35764703154563904,0.2737637758255005
medium,42,4096,19,24,3,3,1536,2048,0.28177985548973083,0.4290536940097809,0.3588751554489136,0.2613060772418976
medium,42,4096,19,24,3,4,2048,2560,0.2894217371940613,0.42537662386894226,0.35796841979026794,0.25048696994781494
medium,42,4096,19,24,3,5,2560,3072,0.2896880507469177,0.42273804545402527,0.36424827575683594,0.24971936643123627
medium,42,4096,19,24,3,6,3072,3584,0.29064637422561646,0.423528254032135,0.3662572205066681,0.24073000252246857
medium,42,4096,19,24,3,7,3584,4096,0.2893218696117401,0.4241691827774048,0.3696754574775696,0.237322598695755
medium,42,4096,20,24,3,0,0,512,0.14936824142932892,0.4546763300895691,0.46184930205345154,0.3969123065471649
medium,42,4096,20,24,3,1,512,1024,0.1394689381122589,0.46110305190086365,0.4717220664024353,0.4011082351207733
medium,42,4096,20,24,3,2,1024,1536,0.13674594461917877,0.46517059206962585,0.4747261106967926,0.4072866141796112
medium,42,4096,20,24,3,3,1536,2048,0.13545244932174683,0.4659080505371094,0.4782405495643616,0.4190537631511688
medium,42,4096,20,24,3,4,2048,2560,0.13454964756965637,0.47054943442344666,0.482645183801651,0.42506369948387146
medium,42,4096,20,24,3,5,2560,3072,0.13426251709461212,0.4738234281539917,0.483621209859848,0.42886462807655334
medium,42,4096,20,24,3,6,3072,3584,0.13354678452014923,0.4759954810142517,0.4812549650669098,0.4314970076084137
medium,42,4096,20,24,3,7,3584,4096,0.13333198428153992,0.47650015354156494,0.48338624835014343,0.4362896680831909
medium,42,4096,21,24,3,0,0,512,0.2524349093437195,0.4695563018321991,0.2637386620044708,0.2827104926109314
medium,42,4096,21,24,3,1,512,1024,0.22786256670951843,0.4787277281284332,0.2626226544380188,0.3041377663612366
medium,42,4096,21,24,3,2,1024,1536,0.21961013972759247,0.4842597246170044,0.26069051027297974,0.31056004762649536
medium,42,4096,21,24,3,3,1536,2048,0.21008530259132385,0.49536406993865967,0.2674294114112854,0.31386318802833557
medium,42,4096,21,24,3,4,2048,2560,0.20965896546840668,0.4968019127845764,0.267132043838501,0.3147549033164978
medium,42,4096,21,24,3,5,2560,3072,0.20975308120250702,0.4977571964263916,0.2706376016139984,0.313953161239624
medium,42,4096,21,24,3,6,3072,3584,0.20528441667556763,0.5018834471702576,0.2717733681201935,0.31424054503440857
medium,42,4096,21,24,3,7,3584,4096,0.20416726171970367,0.5095590949058533,0.2736442983150482,0.31540778279304504
medium,42,4096,22,24,3,0,0,512,0.18407052755355835,0.4706283211708069,0.3205517530441284,0.38005295395851135
medium,42,4096,22,24,3,1,512,1024,0.1747959554195404,0.5020898580551147,0.33068475127220154,0.39830684661865234
medium,42,4096,22,24,3,2,1024,1536,0.16999107599258423,0.5059728026390076,0.3383312523365021,0.410157710313797
medium,42,4096,22,24,3,3,1536,2048,0.1662711352109909,0.5100816488265991,0.3458033800125122,0.4093948304653168
medium,42,4096,22,24,3,4,2048,2560,0.1641276776790619,0.5106765031814575,0.34689703583717346,0.41374194622039795
medium,42,4096,22,24,3,5,2560,3072,0.16366127133369446,0.5132735371589661,0.34838545322418213,0.4090614318847656
medium,42,4096,22,24,3,6,3072,3584,0.16212306916713715,0.5131346583366394,0.3504312038421631,0.4075794219970703
medium,42,4096,22,24,3,7,3584,4096,0.16106313467025757,0.5132603645324707,0.35582274198532104,0.41469606757164
medium,42,4096,23,24,3,0,0,512,0.4821018874645233,0.3939189910888672,0.3316843509674072,0.33008110523223877
medium,42,4096,23,24,3,1,512,1024,0.48288577795028687,0.406376451253891,0.33952388167381287,0.3276037275791168
medium,42,4096,23,24,3,2,1024,1536,0.4803954064846039,0.415538489818573,0.34142762422561646,0.3249106705188751
medium,42,4096,23,24,3,3,1536,2048,0.475849449634552,0.4232324957847595,0.3455694317817688,0.3239489495754242
medium,42,4096,23,24,3,4,2048,2560,0.4812997579574585,0.422312468290329,0.34098920226097107,0.31846535205841064
medium,42,4096,23,24,3,5,2560,3072,0.48502761125564575,0.4208448529243469,0.3383833169937134,0.31498539447784424
medium,42,4096,23,24,3,6,3072,3584,0.4819527864456177,0.42390698194503784,0.3387612998485565,0.31785765290260315
medium,42,4096,23,24,3,7,3584,4096,0.48323386907577515,0.42430877685546875,0.3399360179901123,0.3158232867717743
